{
  "ARRAY_M": 32,
  "ARRAY_N": 32,
  "IBUF_DEPTH": 2048,
  "WBUF_DEPTH": 2048,
  "OBUF_DEPTH": 4096,
  "BBUF_DEPTH": 2048,
  "VMEM_DEPTH": 4095,
  "PARAM_BUF_CHANNEL_BW": 512,
  "DRAM_DEPTH": 6400000000,
  "SA_TILE_CONSTR": true,
  "USE_QUANTIZATION": false,
  "FUSE_LAYERS": false,
  "SINGLE_PROGRAM_COMPILATION": true,
  "DATA_WIDTH": 16,
  "WGT_WIDTH": 16,
  "BIAS_WIDTH": 32,
  "ACC_WIDTH": 32,
  "TRAINING": false,
  "INSTR_WIDTH": 32,
  "BATCH_SIZE": 1,
  "IBUF_CHANNEL_BW": 512,
  "OBUF_CHANNEL_BW": 512,
  "INSTR_CHANNEL_BW": 512,
  "SIMD_CHANNEL_BW": 512,
  "SIMD_WIDTH": 32,
  "INSTR_DEPTH": 1024,
  "IMM_DEPTH": 64,
  "VMEM_BANKS": 32,
  "INSTR_BANKS": 1,
  "DRAM_WIDTH": 8,
  "DRAM_BANKS": 64,
  "SW_PIPELINE_TEST": false,
  "ASIC_CONFIG": false,
  "ADDR_GEN_TEST": false,
  "GENERATE_INSTRUCTIONS": true,
  "LOOP_OVERHEAD": false,
  "DEBUG_MMUL_COORDS": null,
  "SIMD_BASE_ADDR": {
    "LD_VMEM1": 0,
    "LD_VMEM2": 0,
    "ST_VMEM1": 0,
    "ST_VMEM2": 0
  },
  "MERGE_LDST_LOOPS": true,
  "SA_BASE_ADDR": {
    "INSTR": 0,
    "OBUF": 0,
    "BBUF": 0,
    "WBUF": 0,
    "IBUF": 0
  },
  "OBUF_TO_VMEM_TEST": false,
  "LD_ST_OVERHEAD": false,
  "TPU_TEST": false,
  "INSTR_MEM_ALIGN": 32768,
  "ADDR_ALIGNMENT": 32768,
  "IBUF_END": 4358144
}