{
  "mode": "inference",
  "program": [
    {
      "operation": "elem_add3d3d",
      "instance_id": 195,
      "tile_splits": {
        "N": 1,
        "C": 1,
        "H": 1
      },
      "iterable_dimensions": {
        "N": 1,
        "C": 32,
        "H": 768
      },
      "operation_parameters": {},
      "inputs": [
        {
          "name": "op1",
          "unique_name": "_encoder_block.4_layer.0_Add_output_0_Y",
          "dtype": "FXP32",
          "shape_symbols": {
            "N": 1,
            "C": 32,
            "H": 768
          },
          "data_path": [
            "DRAM",
            "VMEM1",
            "SIMD"
          ],
          "tiling": {
            "DRAM": {
              "N": 1,
              "C": 32,
              "H": 768
            },
            "VMEM1": {
              "N": 1,
              "C": 32,
              "H": 768
            },
            "SIMD": {
              "N": 1,
              "C": 32,
              "H": 1
            }
          }
        },
        {
          "name": "op2",
          "unique_name": "_encoder_block.4_layer.1_DenseReluDense_wo_MatMul_output_0_Y",
          "dtype": "FXP32",
          "shape_symbols": {
            "N": 1,
            "C": 32,
            "H": 768
          },
          "data_path": [
            "DRAM",
            "VMEM2",
            "SIMD"
          ],
          "tiling": {
            "DRAM": {
              "N": 1,
              "C": 32,
              "H": 768
            },
            "VMEM2": {
              "N": 1,
              "C": 32,
              "H": 768
            },
            "SIMD": {
              "N": 1,
              "C": 32,
              "H": 1
            }
          }
        }
      ],
      "intermediate": [],
      "outputs": [
        {
          "name": "out",
          "unique_name": "_encoder_block.4_layer.1_Add_output_0_Y",
          "dtype": "FXP32",
          "shape_symbols": {
            "N": 1,
            "C": 32,
            "H": 768
          },
          "data_path": [
            "SIMD",
            "VMEM1",
            "DRAM"
          ],
          "tiling": {
            "VMEM1": {
              "N": 1,
              "C": 32,
              "H": 768
            },
            "DRAM": {
              "N": 1,
              "C": 32,
              "H": 768
            },
            "SIMD": {
              "N": 1,
              "C": 32,
              "H": 1
            }
          }
        }
      ],
      "operation_sequence": [
        {
          "op_type": "config",
          "op_id": 0,
          "start_or_finish": "start",
          "target": "SIMD"
        },
        {
          "op_type": "loop",
          "op_id": 1,
          "start": 0,
          "end": 1,
          "offset": 0,
          "stride": 1
        },
        {
          "op_type": "loop",
          "op_id": 2,
          "start": 0,
          "end": 32,
          "offset": 0,
          "stride": 32
        },
        {
          "op_type": "loop",
          "op_id": 3,
          "start": 0,
          "end": 768,
          "offset": 0,
          "stride": 768
        },
        {
          "op_type": "transfer",
          "op_id": 5,
          "operand": "op2",
          "transfer_path": [
            "DRAM",
            "VMEM2"
          ],
          "transfers": {
            "DRAM->VMEM2": {
              "size": 24576,
              "offset": [
                "DIM:0,LOOPID:0,OFFSET:0",
                "DIM:1,LOOPID:1,OFFSET:0",
                "DIM:2,LOOPID:2,OFFSET:0"
              ]
            },
            "VMEM2->SIMD": {
              "size": 24576,
              "offset": [
                "DIM:0,LOOPID:3,OFFSET:0",
                "DIM:1,LOOPID:4,OFFSET:0",
                "DIM:2,LOOPID:5,OFFSET:0"
              ]
            }
          }
        },
        {
          "op_type": "transfer",
          "op_id": 4,
          "operand": "op1",
          "transfer_path": [
            "DRAM",
            "VMEM1"
          ],
          "transfers": {
            "DRAM->VMEM1": {
              "size": 24576,
              "offset": [
                "DIM:0,LOOPID:0,OFFSET:0",
                "DIM:1,LOOPID:1,OFFSET:0",
                "DIM:2,LOOPID:2,OFFSET:0"
              ]
            },
            "VMEM1->SIMD": {
              "size": 24576,
              "offset": [
                "DIM:0,LOOPID:3,OFFSET:0",
                "DIM:1,LOOPID:4,OFFSET:0",
                "DIM:2,LOOPID:5,OFFSET:0"
              ]
            }
          }
        },
        {
          "op_type": "loop",
          "op_id": 12,
          "start": 0,
          "end": 1,
          "offset": 0,
          "stride": 1
        },
        {
          "op_type": "loop",
          "op_id": 14,
          "start": 0,
          "end": 32,
          "offset": 0,
          "stride": 1
        },
        {
          "op_type": "loop",
          "op_id": 16,
          "start": 0,
          "end": 768,
          "offset": 0,
          "stride": 1
        },
        {
          "op_type": "compute",
          "op_id": 6,
          "operation_name": "ADD",
          "target": "SIMD",
          "sources": [
            "op1",
            "op2"
          ],
          "destinations": [
            "out"
          ]
        },
        {
          "op_type": "loop_end",
          "op_id": 17,
          "loop_name": "loop5"
        },
        {
          "op_type": "loop_end",
          "op_id": 15,
          "loop_name": "loop4"
        },
        {
          "op_type": "loop_end",
          "op_id": 13,
          "loop_name": "loop3"
        },
        {
          "op_type": "transfer",
          "op_id": 7,
          "operand": "out",
          "transfer_path": [
            "VMEM1",
            "DRAM"
          ],
          "transfers": {
            "SIMD->VMEM1": {
              "size": 24576,
              "offset": [
                "DIM:0,LOOPID:3,OFFSET:0",
                "DIM:1,LOOPID:4,OFFSET:0",
                "DIM:2,LOOPID:5,OFFSET:0"
              ]
            },
            "VMEM1->DRAM": {
              "size": 24576,
              "offset": [
                "DIM:0,LOOPID:0,OFFSET:0",
                "DIM:1,LOOPID:1,OFFSET:0",
                "DIM:2,LOOPID:2,OFFSET:0"
              ]
            }
          }
        },
        {
          "op_type": "loop_end",
          "op_id": 8,
          "loop_name": "loop2"
        },
        {
          "op_type": "loop_end",
          "op_id": 9,
          "loop_name": "loop1"
        },
        {
          "op_type": "loop_end",
          "op_id": 10,
          "loop_name": "loop0"
        },
        {
          "op_type": "config",
          "op_id": 11,
          "start_or_finish": "end",
          "target": "SIMD"
        }
      ]
    },
    "SET_BASE_ADDR LOW, IMEM, IBUF, 0, 36864",
    "SET_BASE_ADDR HIGH, IMEM, IBUF, 0, 10",
    "LD_ST LD, IMEM, IBUF, 0, 90",
    "BLOCK_END 0"
  ]
}