{
  "mode": "inference",
  "program": [
    {
      "operation": "matmul4d4d",
      "instance_id": 691,
      "tile_splits": {
        "B": 1,
        "C": 1,
        "N": 1,
        "M": 2,
        "P": 1
      },
      "iterable_dimensions": {
        "B": 1,
        "C": 12,
        "N": 64,
        "M": 32,
        "P": 64
      },
      "operation_parameters": {},
      "inputs": [
        {
          "name": "data",
          "unique_name": "_decoder_block.3_layer.0_SelfAttention_Softmax_output_0_Y",
          "dtype": "FXP8",
          "shape_symbols": {
            "B": 1,
            "C": 12,
            "M": 32,
            "N": 64
          },
          "data_path": [
            "DRAM",
            "IBUF",
            "pe_array"
          ],
          "tiling": {
            "DRAM": {
              "B": 1,
              "C": 12,
              "M": 32,
              "N": 64
            },
            "IBUF": {
              "B": 1,
              "C": 12,
              "M": 16,
              "N": 64
            },
            "pe_array": {
              "B": 1,
              "C": 1,
              "M": 1,
              "N": 32
            }
          }
        },
        {
          "name": "weight",
          "unique_name": "onnx::MatMul_1920_Y",
          "dtype": "FXP8",
          "shape_symbols": {
            "B": 1,
            "C": 12,
            "N": 64,
            "P": 64
          },
          "data_path": [
            "DRAM",
            "WBUF",
            "pe_array"
          ],
          "tiling": {
            "DRAM": {
              "B": 1,
              "C": 12,
              "N": 64,
              "P": 64
            },
            "WBUF": {
              "B": 1,
              "C": 12,
              "N": 64,
              "P": 64
            },
            "pe_array": {
              "B": 1,
              "C": 1,
              "N": 32,
              "P": 32
            }
          }
        }
      ],
      "intermediate": [],
      "outputs": [
        {
          "name": "out",
          "unique_name": "_decoder_block.3_layer.0_SelfAttention_MatMul_1_output_0_Y",
          "dtype": "FXP32",
          "shape_symbols": {
            "B": 1,
            "C": 12,
            "M": 32,
            "P": 64
          },
          "data_path": [
            "DRAM",
            "OBUF",
            "pe_array",
            "OBUF",
            "DRAM"
          ],
          "tiling": {
            "DRAM": {
              "B": 1,
              "C": 12,
              "M": 32,
              "P": 64
            },
            "OBUF": {
              "B": 1,
              "C": 12,
              "M": 16,
              "P": 64
            },
            "pe_array": {
              "B": 1,
              "C": 1,
              "M": 1,
              "P": 32
            }
          }
        }
      ],
      "operation_sequence": [
        {
          "op_type": "config",
          "op_id": 0,
          "start_or_finish": "start",
          "target": "systolic_array"
        },
        {
          "op_type": "config",
          "op_id": 1,
          "start_or_finish": "start",
          "target": "WBUF"
        },
        {
          "op_type": "config",
          "op_id": 2,
          "start_or_finish": "start",
          "target": "IBUF"
        },
        {
          "op_type": "config",
          "op_id": 3,
          "start_or_finish": "start",
          "target": "OBUF"
        },
        {
          "op_type": "loop",
          "op_id": 4,
          "start": 0,
          "end": 1,
          "offset": 0,
          "stride": 1
        },
        {
          "op_type": "loop",
          "op_id": 5,
          "start": 0,
          "end": 12,
          "offset": 0,
          "stride": 12
        },
        {
          "op_type": "loop",
          "op_id": 6,
          "start": 0,
          "end": 64,
          "offset": 0,
          "stride": 64
        },
        {
          "op_type": "loop",
          "op_id": 7,
          "start": 0,
          "end": 32,
          "offset": 0,
          "stride": 16
        },
        {
          "op_type": "transfer",
          "op_id": 9,
          "operand": "data",
          "transfer_path": [
            "DRAM",
            "IBUF"
          ],
          "transfers": {
            "DRAM->IBUF": {
              "size": 24576,
              "offset": [
                "DIM:0,LOOPID:0,OFFSET:0",
                "DIM:1,LOOPID:1,OFFSET:0",
                "DIM:2,LOOPID:3,OFFSET:0",
                "DIM:3,LOOPID:2,OFFSET:0"
              ]
            },
            "IBUF->pe_array": {
              "size": 12288,
              "offset": [
                "DIM:0,LOOPID:5,OFFSET:0",
                "DIM:1,LOOPID:6,OFFSET:0",
                "DIM:2,LOOPID:8,OFFSET:0",
                "DIM:3,LOOPID:7,OFFSET:0"
              ]
            }
          }
        },
        {
          "op_type": "loop",
          "op_id": 8,
          "start": 0,
          "end": 64,
          "offset": 0,
          "stride": 64
        },
        {
          "op_type": "transfer",
          "op_id": 11,
          "operand": "out",
          "transfer_path": [
            "DRAM",
            "OBUF"
          ],
          "transfers": {
            "DRAM->OBUF": {
              "size": 24576,
              "offset": [
                "DIM:0,LOOPID:0,OFFSET:0",
                "DIM:1,LOOPID:1,OFFSET:0",
                "DIM:2,LOOPID:3,OFFSET:0",
                "DIM:3,LOOPID:4,OFFSET:0"
              ]
            },
            "OBUF->pe_array": {
              "size": 12288,
              "offset": [
                "DIM:0,LOOPID:5,OFFSET:0",
                "DIM:1,LOOPID:6,OFFSET:0",
                "DIM:2,LOOPID:8,OFFSET:0",
                "DIM:3,LOOPID:9,OFFSET:0"
              ]
            },
            "pe_array->OBUF": {
              "size": 12288,
              "offset": [
                "DIM:0,LOOPID:5,OFFSET:0",
                "DIM:1,LOOPID:6,OFFSET:0",
                "DIM:2,LOOPID:8,OFFSET:0",
                "DIM:3,LOOPID:9,OFFSET:0"
              ]
            },
            "OBUF->DRAM": {
              "size": 24576,
              "offset": [
                "DIM:0,LOOPID:0,OFFSET:0",
                "DIM:1,LOOPID:1,OFFSET:0",
                "DIM:2,LOOPID:3,OFFSET:0",
                "DIM:3,LOOPID:4,OFFSET:0"
              ]
            }
          }
        },
        {
          "op_type": "transfer",
          "op_id": 10,
          "operand": "weight",
          "transfer_path": [
            "DRAM",
            "WBUF"
          ],
          "transfers": {
            "DRAM->WBUF": {
              "size": 49152,
              "offset": [
                "DIM:0,LOOPID:0,OFFSET:0",
                "DIM:1,LOOPID:1,OFFSET:0",
                "DIM:2,LOOPID:2,OFFSET:0",
                "DIM:3,LOOPID:4,OFFSET:0"
              ]
            },
            "WBUF->pe_array": {
              "size": 49152,
              "offset": [
                "DIM:0,LOOPID:5,OFFSET:0",
                "DIM:1,LOOPID:6,OFFSET:0",
                "DIM:2,LOOPID:7,OFFSET:0",
                "DIM:3,LOOPID:9,OFFSET:0"
              ]
            }
          }
        },
        {
          "op_type": "loop",
          "op_id": 23,
          "start": 0,
          "end": 1,
          "offset": 0,
          "stride": 1
        },
        {
          "op_type": "loop",
          "op_id": 25,
          "start": 0,
          "end": 12,
          "offset": 0,
          "stride": 1
        },
        {
          "op_type": "loop",
          "op_id": 27,
          "start": 0,
          "end": 64,
          "offset": 0,
          "stride": 1
        },
        {
          "op_type": "loop",
          "op_id": 29,
          "start": 0,
          "end": 16,
          "offset": 0,
          "stride": 1
        },
        {
          "op_type": "loop",
          "op_id": 31,
          "start": 0,
          "end": 64,
          "offset": 0,
          "stride": 1
        },
        {
          "op_type": "compute",
          "op_id": 12,
          "operation_name": "MVMUL",
          "target": "pe_array",
          "sources": [
            "data",
            "weight",
            "out"
          ],
          "destinations": [
            "out"
          ]
        },
        {
          "op_type": "loop_end",
          "op_id": 32,
          "loop_name": "loop9"
        },
        {
          "op_type": "loop_end",
          "op_id": 30,
          "loop_name": "loop8"
        },
        {
          "op_type": "loop_end",
          "op_id": 28,
          "loop_name": "loop7"
        },
        {
          "op_type": "loop_end",
          "op_id": 26,
          "loop_name": "loop6"
        },
        {
          "op_type": "loop_end",
          "op_id": 24,
          "loop_name": "loop5"
        },
        {
          "op_type": "transfer",
          "op_id": 13,
          "operand": "out",
          "transfer_path": [
            "OBUF",
            "DRAM"
          ],
          "transfers": {
            "DRAM->OBUF": {
              "size": 24576,
              "offset": [
                "DIM:0,LOOPID:0,OFFSET:0",
                "DIM:1,LOOPID:1,OFFSET:0",
                "DIM:2,LOOPID:3,OFFSET:0",
                "DIM:3,LOOPID:4,OFFSET:0"
              ]
            },
            "OBUF->pe_array": {
              "size": 12288,
              "offset": [
                "DIM:0,LOOPID:5,OFFSET:0",
                "DIM:1,LOOPID:6,OFFSET:0",
                "DIM:2,LOOPID:8,OFFSET:0",
                "DIM:3,LOOPID:9,OFFSET:0"
              ]
            },
            "pe_array->OBUF": {
              "size": 12288,
              "offset": [
                "DIM:0,LOOPID:5,OFFSET:0",
                "DIM:1,LOOPID:6,OFFSET:0",
                "DIM:2,LOOPID:8,OFFSET:0",
                "DIM:3,LOOPID:9,OFFSET:0"
              ]
            },
            "OBUF->DRAM": {
              "size": 24576,
              "offset": [
                "DIM:0,LOOPID:0,OFFSET:0",
                "DIM:1,LOOPID:1,OFFSET:0",
                "DIM:2,LOOPID:3,OFFSET:0",
                "DIM:3,LOOPID:4,OFFSET:0"
              ]
            }
          }
        },
        {
          "op_type": "loop_end",
          "op_id": 14,
          "loop_name": "loop4"
        },
        {
          "op_type": "loop_end",
          "op_id": 15,
          "loop_name": "loop3"
        },
        {
          "op_type": "loop_end",
          "op_id": 16,
          "loop_name": "loop2"
        },
        {
          "op_type": "loop_end",
          "op_id": 17,
          "loop_name": "loop1"
        },
        {
          "op_type": "loop_end",
          "op_id": 18,
          "loop_name": "loop0"
        },
        {
          "op_type": "config",
          "op_id": 19,
          "start_or_finish": "end",
          "target": "WBUF"
        },
        {
          "op_type": "config",
          "op_id": 20,
          "start_or_finish": "end",
          "target": "IBUF"
        },
        {
          "op_type": "config",
          "op_id": 21,
          "start_or_finish": "end",
          "target": "OBUF"
        },
        {
          "op_type": "config",
          "op_id": 22,
          "start_or_finish": "end",
          "target": "systolic_array"
        }
      ]
    },
    "SET_BASE_ADDR LOW, IMEM, IBUF, 0, 28672",
    "SET_BASE_ADDR HIGH, IMEM, IBUF, 0, 37",
    "LD_ST LD, IMEM, IBUF, 0, 65",
    "BLOCK_END 0"
  ]
}