{
  "mode": "inference",
  "program": [
    {
      "operation": "elem_sub2d2d",
      "instance_id": 1,
      "tile_splits": {
        "N": 1,
        "C": 1
      },
      "iterable_dimensions": {
        "N": 1,
        "C": 320
      },
      "operation_parameters": {},
      "inputs": [
        {
          "name": "op1",
          "unique_name": "doc_embeddings",
          "dtype": "FXP32",
          "shape_symbols": {
            "N": 1,
            "C": 320
          },
          "data_path": [
            "DRAM",
            "VMEM1",
            "SIMD"
          ],
          "tiling": {
            "DRAM": {
              "N": 1,
              "C": 320
            },
            "VMEM1": {
              "N": 1,
              "C": 320
            },
            "SIMD": {
              "N": 1,
              "C": 32
            }
          }
        },
        {
          "name": "op2",
          "unique_name": "query_embeddings",
          "dtype": "FXP32",
          "shape_symbols": {
            "N": 1,
            "C": 320
          },
          "data_path": [
            "DRAM",
            "VMEM2",
            "SIMD"
          ],
          "tiling": {
            "DRAM": {
              "N": 1,
              "C": 320
            },
            "VMEM2": {
              "N": 1,
              "C": 320
            },
            "SIMD": {
              "N": 1,
              "C": 32
            }
          }
        }
      ],
      "intermediate": [],
      "outputs": [
        {
          "name": "out",
          "unique_name": "difference_l1_Y",
          "dtype": "FXP32",
          "shape_symbols": {
            "N": 1,
            "C": 320
          },
          "data_path": [
            "SIMD",
            "VMEM1",
            "DRAM"
          ],
          "tiling": {
            "VMEM1": {
              "N": 1,
              "C": 320
            },
            "DRAM": {
              "N": 1,
              "C": 320
            },
            "SIMD": {
              "N": 1,
              "C": 32
            }
          }
        }
      ],
      "operation_sequence": [
        {
          "op_type": "config",
          "op_id": 0,
          "start_or_finish": "start",
          "target": "SIMD"
        },
        {
          "op_type": "loop",
          "op_id": 1,
          "start": 0,
          "end": 1,
          "offset": 0,
          "stride": 1
        },
        {
          "op_type": "loop",
          "op_id": 2,
          "start": 0,
          "end": 320,
          "offset": 0,
          "stride": 320
        },
        {
          "op_type": "transfer",
          "op_id": 4,
          "operand": "op2",
          "transfer_path": [
            "DRAM",
            "VMEM2"
          ],
          "transfers": {
            "DRAM->VMEM2": {
              "size": 320,
              "offset": [
                "DIM:0,LOOPID:0,OFFSET:0",
                "DIM:1,LOOPID:1,OFFSET:0"
              ]
            },
            "VMEM2->SIMD": {
              "size": 320,
              "offset": [
                "DIM:0,LOOPID:2,OFFSET:0",
                "DIM:1,LOOPID:3,OFFSET:0"
              ]
            }
          }
        },
        {
          "op_type": "transfer",
          "op_id": 3,
          "operand": "op1",
          "transfer_path": [
            "DRAM",
            "VMEM1"
          ],
          "transfers": {
            "DRAM->VMEM1": {
              "size": 320,
              "offset": [
                "DIM:0,LOOPID:0,OFFSET:0",
                "DIM:1,LOOPID:1,OFFSET:0"
              ]
            },
            "VMEM1->SIMD": {
              "size": 320,
              "offset": [
                "DIM:0,LOOPID:2,OFFSET:0",
                "DIM:1,LOOPID:3,OFFSET:0"
              ]
            }
          }
        },
        {
          "op_type": "loop",
          "op_id": 10,
          "start": 0,
          "end": 1,
          "offset": 0,
          "stride": 1
        },
        {
          "op_type": "loop",
          "op_id": 12,
          "start": 0,
          "end": 320,
          "offset": 0,
          "stride": 1
        },
        {
          "op_type": "compute",
          "op_id": 5,
          "operation_name": "SUB",
          "target": "SIMD",
          "sources": [
            "op1",
            "op2"
          ],
          "destinations": [
            "out"
          ]
        },
        {
          "op_type": "loop_end",
          "op_id": 13,
          "loop_name": "loop3"
        },
        {
          "op_type": "loop_end",
          "op_id": 11,
          "loop_name": "loop2"
        },
        {
          "op_type": "transfer",
          "op_id": 6,
          "operand": "out",
          "transfer_path": [
            "VMEM1",
            "DRAM"
          ],
          "transfers": {
            "SIMD->VMEM1": {
              "size": 320,
              "offset": [
                "DIM:0,LOOPID:2,OFFSET:0",
                "DIM:1,LOOPID:3,OFFSET:0"
              ]
            },
            "VMEM1->DRAM": {
              "size": 320,
              "offset": [
                "DIM:0,LOOPID:0,OFFSET:0",
                "DIM:1,LOOPID:1,OFFSET:0"
              ]
            }
          }
        },
        {
          "op_type": "loop_end",
          "op_id": 7,
          "loop_name": "loop1"
        },
        {
          "op_type": "loop_end",
          "op_id": 8,
          "loop_name": "loop0"
        },
        {
          "op_type": "config",
          "op_id": 9,
          "start_or_finish": "end",
          "target": "SIMD"
        }
      ]
    },
    "SET_BASE_ADDR LOW, IMEM, IBUF, 0, 4096",
    "SET_BASE_ADDR HIGH, IMEM, IBUF, 0, 0",
    "LD_ST LD, IMEM, IBUF, 0, 72",
    "BLOCK_END 0",
    {
      "operation": "elem_pow2d",
      "instance_id": 2,
      "tile_splits": {
        "N": 1,
        "C": 1
      },
      "iterable_dimensions": {
        "N": 1,
        "C": 320
      },
      "operation_parameters": {
        "exp": 2,
        "SIMD_SIZE": 32,
        "zero": 0
      },
      "inputs": [
        {
          "name": "op1",
          "unique_name": "difference_l1_Y",
          "dtype": "FXP32",
          "shape_symbols": {
            "N": 1,
            "C": 320
          },
          "data_path": [
            "DRAM",
            "VMEM1",
            "SIMD"
          ],
          "tiling": {
            "DRAM": {
              "N": 1,
              "C": 320
            },
            "VMEM1": {
              "N": 1,
              "C": 320
            },
            "SIMD": {
              "N": 1,
              "C": 32
            }
          }
        }
      ],
      "intermediate": [
        {
          "name": "zero",
          "unique_name": null,
          "dtype": "FXP8",
          "shape_symbols": {
            "SIMD_SIZE": 32
          },
          "data_path": [
            "IMM"
          ],
          "tiling": {}
        }
      ],
      "outputs": [
        {
          "name": "out",
          "unique_name": "_expansion_square",
          "dtype": "FXP32",
          "shape_symbols": {
            "N": 1,
            "C": 320
          },
          "data_path": [
            "SIMD",
            "VMEM2",
            "SIMD",
            "VMEM2",
            "DRAM"
          ],
          "tiling": {
            "VMEM2": {
              "N": 1,
              "C": 320
            },
            "DRAM": {
              "N": 1,
              "C": 320
            },
            "SIMD": {
              "N": 1,
              "C": 32
            }
          }
        }
      ],
      "operation_sequence": [
        {
          "op_type": "config",
          "op_id": 0,
          "start_or_finish": "start",
          "target": "SIMD"
        },
        {
          "op_type": "config",
          "op_id": 1,
          "start_or_finish": "start",
          "target": "IMM"
        },
        {
          "op_type": "loop",
          "op_id": 2,
          "start": 0,
          "end": 1,
          "offset": 0,
          "stride": 1
        },
        {
          "op_type": "loop",
          "op_id": 3,
          "start": 0,
          "end": 320,
          "offset": 0,
          "stride": 320
        },
        {
          "op_type": "transfer",
          "op_id": 4,
          "operand": "op1",
          "transfer_path": [
            "DRAM",
            "VMEM1"
          ],
          "transfers": {
            "DRAM->VMEM1": {
              "size": 320,
              "offset": [
                "DIM:0,LOOPID:0,OFFSET:0",
                "DIM:1,LOOPID:1,OFFSET:0"
              ]
            },
            "VMEM1->SIMD": {
              "size": 320,
              "offset": [
                "DIM:0,LOOPID:2,OFFSET:0",
                "DIM:1,LOOPID:3,OFFSET:0"
              ]
            }
          }
        },
        {
          "op_type": "loop",
          "op_id": 11,
          "start": 0,
          "end": 1,
          "offset": 0,
          "stride": 1
        },
        {
          "op_type": "loop",
          "op_id": 13,
          "start": 0,
          "end": 320,
          "offset": 0,
          "stride": 1
        },
        {
          "op_type": "compute",
          "op_id": 5,
          "operation_name": "MOVE",
          "target": "SIMD",
          "sources": [
            "op1"
          ],
          "destinations": [
            "out"
          ]
        },
        {
          "op_type": "compute",
          "op_id": 6,
          "operation_name": "POW",
          "target": "SIMD",
          "sources": [
            "op1",
            "out"
          ],
          "destinations": [
            "out"
          ]
        },
        {
          "op_type": "loop_end",
          "op_id": 14,
          "loop_name": "loop3"
        },
        {
          "op_type": "loop_end",
          "op_id": 12,
          "loop_name": "loop2"
        },
        {
          "op_type": "transfer",
          "op_id": 7,
          "operand": "out",
          "transfer_path": [
            "VMEM2",
            "DRAM"
          ],
          "transfers": {
            "SIMD->VMEM2": {
              "size": 320,
              "offset": [
                "DIM:0,LOOPID:2,OFFSET:0",
                "DIM:1,LOOPID:3,OFFSET:0"
              ]
            },
            "VMEM2->SIMD": {
              "size": 320,
              "offset": [
                "DIM:0,LOOPID:2,OFFSET:0",
                "DIM:1,LOOPID:3,OFFSET:0"
              ]
            },
            "VMEM2->DRAM": {
              "size": 320,
              "offset": [
                "DIM:0,LOOPID:0,OFFSET:0",
                "DIM:1,LOOPID:1,OFFSET:0"
              ]
            }
          }
        },
        {
          "op_type": "loop_end",
          "op_id": 8,
          "loop_name": "loop1"
        },
        {
          "op_type": "loop_end",
          "op_id": 9,
          "loop_name": "loop0"
        },
        {
          "op_type": "config",
          "op_id": 10,
          "start_or_finish": "end",
          "target": "SIMD"
        }
      ]
    },
    "SET_BASE_ADDR LOW, IMEM, IBUF, 0, 8192",
    "SET_BASE_ADDR HIGH, IMEM, IBUF, 0, 0",
    "LD_ST LD, IMEM, IBUF, 0, 57",
    "BLOCK_END 0",
    {
      "operation": "elem_sqrt2d",
      "instance_id": 3,
      "tile_splits": {
        "N": 1,
        "C": 1
      },
      "iterable_dimensions": {
        "N": 1,
        "C": 320
      },
      "operation_parameters": {
        "SIMD_SIZE": 32
      },
      "inputs": [
        {
          "name": "op1",
          "unique_name": "_expansion_square",
          "dtype": "FXP32",
          "shape_symbols": {
            "N": 1,
            "C": 320
          },
          "data_path": [
            "DRAM",
            "VMEM1",
            "SIMD"
          ],
          "tiling": {
            "DRAM": {
              "N": 1,
              "C": 320
            },
            "VMEM1": {
              "N": 1,
              "C": 320
            },
            "SIMD": {
              "N": 1,
              "C": 32
            }
          }
        }
      ],
      "intermediate": [],
      "outputs": [
        {
          "name": "out",
          "unique_name": "absolute_difference_l1_Y",
          "dtype": "FXP32",
          "shape_symbols": {
            "N": 1,
            "C": 320
          },
          "data_path": [
            "SIMD",
            "VMEM2",
            "DRAM"
          ],
          "tiling": {
            "VMEM2": {
              "N": 1,
              "C": 320
            },
            "DRAM": {
              "N": 1,
              "C": 320
            },
            "SIMD": {
              "N": 1,
              "C": 32
            }
          }
        }
      ],
      "operation_sequence": [
        {
          "op_type": "config",
          "op_id": 0,
          "start_or_finish": "start",
          "target": "SIMD"
        },
        {
          "op_type": "loop",
          "op_id": 1,
          "start": 0,
          "end": 1,
          "offset": 0,
          "stride": 1
        },
        {
          "op_type": "loop",
          "op_id": 2,
          "start": 0,
          "end": 320,
          "offset": 0,
          "stride": 320
        },
        {
          "op_type": "transfer",
          "op_id": 3,
          "operand": "op1",
          "transfer_path": [
            "DRAM",
            "VMEM1"
          ],
          "transfers": {
            "DRAM->VMEM1": {
              "size": 320,
              "offset": [
                "DIM:0,LOOPID:0,OFFSET:0",
                "DIM:1,LOOPID:1,OFFSET:0"
              ]
            },
            "VMEM1->SIMD": {
              "size": 320,
              "offset": [
                "DIM:0,LOOPID:2,OFFSET:0",
                "DIM:1,LOOPID:3,OFFSET:0"
              ]
            }
          }
        },
        {
          "op_type": "loop",
          "op_id": 9,
          "start": 0,
          "end": 1,
          "offset": 0,
          "stride": 1
        },
        {
          "op_type": "loop",
          "op_id": 11,
          "start": 0,
          "end": 320,
          "offset": 0,
          "stride": 1
        },
        {
          "op_type": "compute",
          "op_id": 4,
          "operation_name": "SQRT",
          "target": "SIMD",
          "sources": [
            "op1"
          ],
          "destinations": [
            "out"
          ]
        },
        {
          "op_type": "loop_end",
          "op_id": 12,
          "loop_name": "loop3"
        },
        {
          "op_type": "loop_end",
          "op_id": 10,
          "loop_name": "loop2"
        },
        {
          "op_type": "transfer",
          "op_id": 5,
          "operand": "out",
          "transfer_path": [
            "VMEM2",
            "DRAM"
          ],
          "transfers": {
            "SIMD->VMEM2": {
              "size": 320,
              "offset": [
                "DIM:0,LOOPID:2,OFFSET:0",
                "DIM:1,LOOPID:3,OFFSET:0"
              ]
            },
            "VMEM2->DRAM": {
              "size": 320,
              "offset": [
                "DIM:0,LOOPID:0,OFFSET:0",
                "DIM:1,LOOPID:1,OFFSET:0"
              ]
            }
          }
        },
        {
          "op_type": "loop_end",
          "op_id": 6,
          "loop_name": "loop1"
        },
        {
          "op_type": "loop_end",
          "op_id": 7,
          "loop_name": "loop0"
        },
        {
          "op_type": "config",
          "op_id": 8,
          "start_or_finish": "end",
          "target": "SIMD"
        }
      ]
    },
    "SET_BASE_ADDR LOW, IMEM, IBUF, 0, 12288",
    "SET_BASE_ADDR HIGH, IMEM, IBUF, 0, 0",
    "LD_ST LD, IMEM, IBUF, 0, 43",
    "BLOCK_END 0",
    {
      "operation": "tensor_transpose2d",
      "instance_id": 4,
      "tile_splits": {
        "C": 1,
        "N": 1
      },
      "iterable_dimensions": {
        "C": 320,
        "N": 320
      },
      "operation_parameters": {
        "axis0": 1,
        "axis1": 0,
        "SIMD_SIZE": 32
      },
      "inputs": [
        {
          "name": "data",
          "unique_name": "absolute_difference_l1_Y",
          "dtype": "FXP32",
          "shape_symbols": {
            "N": 320,
            "C": 320
          },
          "data_path": [
            "DRAM",
            "VMEM1",
            "SIMD"
          ],
          "tiling": {
            "DRAM": {
              "N": 320,
              "C": 320
            },
            "VMEM1": {
              "N": 320,
              "C": 320
            },
            "SIMD": {
              "N": 1,
              "C": 32
            }
          }
        }
      ],
      "intermediate": [],
      "outputs": [
        {
          "name": "out",
          "unique_name": "_expansion_input_transpose",
          "dtype": "FXP32",
          "shape_symbols": {
            "C": 320,
            "N": 320
          },
          "data_path": [
            "SIMD",
            "VMEM2",
            "DRAM"
          ],
          "tiling": {
            "VMEM2": {
              "C": 320,
              "N": 320
            },
            "DRAM": {
              "C": 320,
              "N": 320
            },
            "SIMD": {
              "C": 32,
              "N": 1
            }
          }
        }
      ],
      "operation_sequence": [
        {
          "op_type": "config",
          "op_id": 0,
          "start_or_finish": "start",
          "target": "SIMD"
        },
        {
          "op_type": "loop",
          "op_id": 1,
          "start": 0,
          "end": 320,
          "offset": 0,
          "stride": 320
        },
        {
          "op_type": "loop",
          "op_id": 2,
          "start": 0,
          "end": 320,
          "offset": 0,
          "stride": 320
        },
        {
          "op_type": "transfer",
          "op_id": 3,
          "operand": "data",
          "transfer_path": [
            "DRAM",
            "VMEM1"
          ],
          "transfers": {
            "DRAM->VMEM1": {
              "size": 102400,
              "offset": [
                "DIM:0,LOOPID:1,OFFSET:0",
                "DIM:1,LOOPID:0,OFFSET:0"
              ]
            },
            "VMEM1->SIMD": {
              "size": 102400,
              "offset": [
                "DIM:0,LOOPID:3,OFFSET:0",
                "DIM:1,LOOPID:2,OFFSET:0"
              ]
            }
          }
        },
        {
          "op_type": "loop",
          "op_id": 9,
          "start": 0,
          "end": 320,
          "offset": 0,
          "stride": 1
        },
        {
          "op_type": "loop",
          "op_id": 11,
          "start": 0,
          "end": 320,
          "offset": 0,
          "stride": 1
        },
        {
          "op_type": "compute",
          "op_id": 4,
          "operation_name": "TRANSPOSE",
          "target": "SIMD",
          "sources": [
            "data"
          ],
          "destinations": [
            "out"
          ]
        },
        {
          "op_type": "loop_end",
          "op_id": 12,
          "loop_name": "loop3"
        },
        {
          "op_type": "loop_end",
          "op_id": 10,
          "loop_name": "loop2"
        },
        {
          "op_type": "loop_end",
          "op_id": 5,
          "loop_name": "loop1"
        },
        {
          "op_type": "transfer",
          "op_id": 6,
          "operand": "out",
          "transfer_path": [
            "VMEM2",
            "DRAM"
          ],
          "transfers": {
            "SIMD->VMEM2": {
              "size": 102400,
              "offset": [
                "DIM:0,LOOPID:2,OFFSET:0",
                "DIM:1,LOOPID:3,OFFSET:0"
              ]
            },
            "VMEM2->DRAM": {
              "size": 102400,
              "offset": [
                "DIM:0,LOOPID:0,OFFSET:0",
                "DIM:1,LOOPID:1,OFFSET:0"
              ]
            }
          }
        },
        {
          "op_type": "loop_end",
          "op_id": 7,
          "loop_name": "loop0"
        },
        {
          "op_type": "config",
          "op_id": 8,
          "start_or_finish": "end",
          "target": "SIMD"
        }
      ]
    },
    "SET_BASE_ADDR LOW, IMEM, IBUF, 0, 16384",
    "SET_BASE_ADDR HIGH, IMEM, IBUF, 0, 0",
    "LD_ST LD, IMEM, IBUF, 0, 78",
    "BLOCK_END 0",
    {
      "operation": "reduce_sum2d_axis0",
      "instance_id": 5,
      "tile_splits": {
        "ONE": 1,
        "C": 1,
        "N": 1
      },
      "iterable_dimensions": {
        "ONE": 1,
        "C": 32,
        "N": 300
      },
      "operation_parameters": {
        "axis": 0,
        "SIMD_SIZE": 32,
        "denom": 218,
        "init": 0,
        "max_val": 2147483647,
        "min_val": -2147483648
      },
      "inputs": [
        {
          "name": "data",
          "unique_name": "_expansion_input_transpose",
          "dtype": "FXP32",
          "shape_symbols": {
            "N": 300,
            "C": 32
          },
          "data_path": [
            "DRAM",
            "VMEM1",
            "SIMD"
          ],
          "tiling": {
            "DRAM": {
              "N": 300,
              "C": 32
            },
            "VMEM1": {
              "N": 300,
              "C": 32
            },
            "SIMD": {
              "N": 1,
              "C": 32
            }
          }
        }
      ],
      "intermediate": [
        {
          "name": "denom",
          "unique_name": null,
          "dtype": "FXP8",
          "shape_symbols": {
            "SIMD_SIZE": 32
          },
          "data_path": [
            "IMM"
          ],
          "tiling": {}
        },
        {
          "name": "init",
          "unique_name": null,
          "dtype": "FXP8",
          "shape_symbols": {
            "SIMD_SIZE": 32
          },
          "data_path": [
            "IMM"
          ],
          "tiling": {}
        },
        {
          "name": "max_val",
          "unique_name": null,
          "dtype": "FXP8",
          "shape_symbols": {
            "SIMD_SIZE": 32
          },
          "data_path": [
            "IMM"
          ],
          "tiling": {}
        },
        {
          "name": "min_val",
          "unique_name": null,
          "dtype": "FXP8",
          "shape_symbols": {
            "SIMD_SIZE": 32
          },
          "data_path": [
            "IMM"
          ],
          "tiling": {}
        }
      ],
      "outputs": [
        {
          "name": "out",
          "unique_name": "_expansion_reduction",
          "dtype": "FXP32",
          "shape_symbols": {
            "ONE": 1,
            "C": 32
          },
          "data_path": [
            "DRAM",
            "VMEM2",
            "SIMD",
            "VMEM2",
            "DRAM"
          ],
          "tiling": {
            "DRAM": {
              "ONE": 1,
              "C": 32
            },
            "VMEM2": {
              "ONE": 1,
              "C": 32
            },
            "SIMD": {
              "ONE": 1,
              "C": 32
            }
          }
        }
      ],
      "operation_sequence": [
        {
          "op_type": "config",
          "op_id": 0,
          "start_or_finish": "start",
          "target": "SIMD"
        },
        {
          "op_type": "config",
          "op_id": 1,
          "start_or_finish": "start",
          "target": "IMM"
        },
        {
          "op_type": "config",
          "op_id": 2,
          "start_or_finish": "start",
          "target": "IMM"
        },
        {
          "op_type": "config",
          "op_id": 3,
          "start_or_finish": "start",
          "target": "IMM"
        },
        {
          "op_type": "config",
          "op_id": 4,
          "start_or_finish": "start",
          "target": "IMM"
        },
        {
          "op_type": "loop",
          "op_id": 5,
          "start": 0,
          "end": 1,
          "offset": 0,
          "stride": 1
        },
        {
          "op_type": "loop",
          "op_id": 6,
          "start": 0,
          "end": 32,
          "offset": 0,
          "stride": 32
        },
        {
          "op_type": "transfer",
          "op_id": 9,
          "operand": "out",
          "transfer_path": [
            "DRAM",
            "VMEM2"
          ],
          "transfers": {
            "DRAM->VMEM2": {
              "size": 32,
              "offset": [
                "DIM:0,LOOPID:0,OFFSET:0",
                "DIM:1,LOOPID:1,OFFSET:0"
              ]
            },
            "VMEM2->SIMD": {
              "size": 32,
              "offset": [
                "DIM:0,LOOPID:3,OFFSET:0",
                "DIM:1,LOOPID:4,OFFSET:0"
              ]
            },
            "SIMD->VMEM2": {
              "size": 32,
              "offset": [
                "DIM:0,LOOPID:3,OFFSET:0",
                "DIM:1,LOOPID:4,OFFSET:0"
              ]
            },
            "VMEM2->DRAM": {
              "size": 32,
              "offset": [
                "DIM:0,LOOPID:0,OFFSET:0",
                "DIM:1,LOOPID:1,OFFSET:0"
              ]
            }
          }
        },
        {
          "op_type": "loop",
          "op_id": 7,
          "start": 0,
          "end": 300,
          "offset": 0,
          "stride": 300
        },
        {
          "op_type": "transfer",
          "op_id": 8,
          "operand": "data",
          "transfer_path": [
            "DRAM",
            "VMEM1"
          ],
          "transfers": {
            "DRAM->VMEM1": {
              "size": 9600,
              "offset": [
                "DIM:0,LOOPID:2,OFFSET:0",
                "DIM:1,LOOPID:1,OFFSET:0"
              ]
            },
            "VMEM1->SIMD": {
              "size": 9600,
              "offset": [
                "DIM:0,LOOPID:5,OFFSET:0",
                "DIM:1,LOOPID:4,OFFSET:0"
              ]
            }
          }
        },
        {
          "op_type": "loop",
          "op_id": 16,
          "start": 0,
          "end": 1,
          "offset": 0,
          "stride": 1
        },
        {
          "op_type": "loop",
          "op_id": 18,
          "start": 0,
          "end": 32,
          "offset": 0,
          "stride": 1
        },
        {
          "op_type": "loop",
          "op_id": 20,
          "start": 0,
          "end": 300,
          "offset": 0,
          "stride": 1
        },
        {
          "op_type": "compute",
          "op_id": 10,
          "operation_name": "ADD",
          "target": "SIMD",
          "sources": [
            "data",
            "out"
          ],
          "destinations": [
            "out"
          ]
        },
        {
          "op_type": "loop_end",
          "op_id": 21,
          "loop_name": "loop5"
        },
        {
          "op_type": "loop_end",
          "op_id": 19,
          "loop_name": "loop4"
        },
        {
          "op_type": "loop_end",
          "op_id": 17,
          "loop_name": "loop3"
        },
        {
          "op_type": "transfer",
          "op_id": 11,
          "operand": "out",
          "transfer_path": [
            "VMEM2",
            "DRAM"
          ],
          "transfers": {
            "DRAM->VMEM2": {
              "size": 32,
              "offset": [
                "DIM:0,LOOPID:0,OFFSET:0",
                "DIM:1,LOOPID:1,OFFSET:0"
              ]
            },
            "VMEM2->SIMD": {
              "size": 32,
              "offset": [
                "DIM:0,LOOPID:3,OFFSET:0",
                "DIM:1,LOOPID:4,OFFSET:0"
              ]
            },
            "SIMD->VMEM2": {
              "size": 32,
              "offset": [
                "DIM:0,LOOPID:3,OFFSET:0",
                "DIM:1,LOOPID:4,OFFSET:0"
              ]
            },
            "VMEM2->DRAM": {
              "size": 32,
              "offset": [
                "DIM:0,LOOPID:0,OFFSET:0",
                "DIM:1,LOOPID:1,OFFSET:0"
              ]
            }
          }
        },
        {
          "op_type": "loop_end",
          "op_id": 12,
          "loop_name": "loop2"
        },
        {
          "op_type": "loop_end",
          "op_id": 13,
          "loop_name": "loop1"
        },
        {
          "op_type": "loop_end",
          "op_id": 14,
          "loop_name": "loop0"
        },
        {
          "op_type": "config",
          "op_id": 15,
          "start_or_finish": "end",
          "target": "SIMD"
        }
      ]
    },
    "SET_BASE_ADDR LOW, IMEM, IBUF, 0, 20480",
    "SET_BASE_ADDR HIGH, IMEM, IBUF, 0, 0",
    "LD_ST LD, IMEM, IBUF, 0, 43",
    "BLOCK_END 0",
    {
      "operation": "tensor_transpose2d",
      "instance_id": 6,
      "tile_splits": {
        "C": 1,
        "N": 1
      },
      "iterable_dimensions": {
        "C": 32,
        "N": 32
      },
      "operation_parameters": {
        "axis0": 1,
        "axis1": 0,
        "SIMD_SIZE": 32
      },
      "inputs": [
        {
          "name": "data",
          "unique_name": "_expansion_reduction",
          "dtype": "FXP32",
          "shape_symbols": {
            "N": 32,
            "C": 32
          },
          "data_path": [
            "DRAM",
            "VMEM1",
            "SIMD"
          ],
          "tiling": {
            "DRAM": {
              "N": 32,
              "C": 32
            },
            "VMEM1": {
              "N": 32,
              "C": 32
            },
            "SIMD": {
              "N": 1,
              "C": 32
            }
          }
        }
      ],
      "intermediate": [],
      "outputs": [
        {
          "name": "out",
          "unique_name": "_output",
          "dtype": "FXP32",
          "shape_symbols": {
            "C": 32,
            "N": 32
          },
          "data_path": [
            "SIMD",
            "VMEM2",
            "DRAM"
          ],
          "tiling": {
            "VMEM2": {
              "C": 32,
              "N": 32
            },
            "DRAM": {
              "C": 32,
              "N": 32
            },
            "SIMD": {
              "C": 32,
              "N": 1
            }
          }
        }
      ],
      "operation_sequence": [
        {
          "op_type": "config",
          "op_id": 0,
          "start_or_finish": "start",
          "target": "SIMD"
        },
        {
          "op_type": "loop",
          "op_id": 1,
          "start": 0,
          "end": 32,
          "offset": 0,
          "stride": 32
        },
        {
          "op_type": "loop",
          "op_id": 2,
          "start": 0,
          "end": 32,
          "offset": 0,
          "stride": 32
        },
        {
          "op_type": "transfer",
          "op_id": 3,
          "operand": "data",
          "transfer_path": [
            "DRAM",
            "VMEM1"
          ],
          "transfers": {
            "DRAM->VMEM1": {
              "size": 1024,
              "offset": [
                "DIM:0,LOOPID:1,OFFSET:0",
                "DIM:1,LOOPID:0,OFFSET:0"
              ]
            },
            "VMEM1->SIMD": {
              "size": 1024,
              "offset": [
                "DIM:0,LOOPID:3,OFFSET:0",
                "DIM:1,LOOPID:2,OFFSET:0"
              ]
            }
          }
        },
        {
          "op_type": "loop",
          "op_id": 9,
          "start": 0,
          "end": 32,
          "offset": 0,
          "stride": 1
        },
        {
          "op_type": "loop",
          "op_id": 11,
          "start": 0,
          "end": 32,
          "offset": 0,
          "stride": 1
        },
        {
          "op_type": "compute",
          "op_id": 4,
          "operation_name": "TRANSPOSE",
          "target": "SIMD",
          "sources": [
            "data"
          ],
          "destinations": [
            "out"
          ]
        },
        {
          "op_type": "loop_end",
          "op_id": 12,
          "loop_name": "loop3"
        },
        {
          "op_type": "loop_end",
          "op_id": 10,
          "loop_name": "loop2"
        },
        {
          "op_type": "loop_end",
          "op_id": 5,
          "loop_name": "loop1"
        },
        {
          "op_type": "transfer",
          "op_id": 6,
          "operand": "out",
          "transfer_path": [
            "VMEM2",
            "DRAM"
          ],
          "transfers": {
            "SIMD->VMEM2": {
              "size": 1024,
              "offset": [
                "DIM:0,LOOPID:2,OFFSET:0",
                "DIM:1,LOOPID:3,OFFSET:0"
              ]
            },
            "VMEM2->DRAM": {
              "size": 1024,
              "offset": [
                "DIM:0,LOOPID:0,OFFSET:0",
                "DIM:1,LOOPID:1,OFFSET:0"
              ]
            }
          }
        },
        {
          "op_type": "loop_end",
          "op_id": 7,
          "loop_name": "loop0"
        },
        {
          "op_type": "config",
          "op_id": 8,
          "start_or_finish": "end",
          "target": "SIMD"
        }
      ]
    },
    "SET_BASE_ADDR LOW, IMEM, IBUF, 0, 0",
    "SET_BASE_ADDR HIGH, IMEM, IBUF, 0, 0",
    "LD_ST LD, IMEM, IBUF, 0, 0",
    "BLOCK_END 1"
  ]
}