{
  "mode": "inference",
  "program": [
    {
      "operation": "softmax4d",
      "instance_id": 624,
      "tile_splits": {
        "N": 1,
        "C": 1,
        "H": 1,
        "W": 1
      },
      "iterable_dimensions": {
        "N": 1,
        "C": 32,
        "H": 32,
        "W": 32
      },
      "operation_parameters": {
        "SIMD_SIZE": 32,
        "qln2": 75710,
        "qb": 147783,
        "qc": 22638,
        "one": 65536,
        "neg_one": -65536,
        "axis": [
          -1
        ],
        "min_val": -2147483648
      },
      "inputs": [
        {
          "name": "data",
          "unique_name": "_decoder_block.2_layer.0_SelfAttention_Add_output_0_Y",
          "dtype": "FXP32",
          "shape_symbols": {
            "N": 1,
            "H": 32,
            "W": 32,
            "C": 32
          },
          "data_path": [
            "DRAM",
            "VMEM1",
            "SIMD"
          ],
          "tiling": {
            "DRAM": {
              "N": 1,
              "H": 32,
              "W": 32,
              "C": 32
            },
            "VMEM1": {
              "N": 1,
              "H": 32,
              "W": 32,
              "C": 32
            },
            "SIMD": {
              "N": 1,
              "H": 1,
              "W": 32,
              "C": 1
            }
          }
        }
      ],
      "intermediate": [
        {
          "name": "qln2",
          "unique_name": null,
          "dtype": "FXP32",
          "shape_symbols": {
            "SIMD_SIZE": 32
          },
          "data_path": [
            "IMM",
            "SIMD"
          ],
          "tiling": {
            "IMM": {
              "SIMD_SIZE": 0
            }
          }
        },
        {
          "name": "qb",
          "unique_name": null,
          "dtype": "FXP32",
          "shape_symbols": {
            "SIMD_SIZE": 32
          },
          "data_path": [
            "IMM",
            "SIMD"
          ],
          "tiling": {
            "IMM": {
              "SIMD_SIZE": 0
            }
          }
        },
        {
          "name": "qc",
          "unique_name": null,
          "dtype": "FXP32",
          "shape_symbols": {
            "SIMD_SIZE": 32
          },
          "data_path": [
            "IMM",
            "SIMD"
          ],
          "tiling": {
            "IMM": {
              "SIMD_SIZE": 0
            }
          }
        },
        {
          "name": "one",
          "unique_name": null,
          "dtype": "FXP32",
          "shape_symbols": {
            "SIMD_SIZE": 32
          },
          "data_path": [
            "IMM",
            "SIMD"
          ],
          "tiling": {
            "IMM": {
              "SIMD_SIZE": 0
            }
          }
        },
        {
          "name": "neg_one",
          "unique_name": null,
          "dtype": "FXP32",
          "shape_symbols": {
            "SIMD_SIZE": 32
          },
          "data_path": [
            "IMM",
            "SIMD"
          ],
          "tiling": {
            "IMM": {
              "SIMD_SIZE": 0
            }
          }
        },
        {
          "name": "min_val",
          "unique_name": null,
          "dtype": "FXP32",
          "shape_symbols": {
            "SIMD_SIZE": 32
          },
          "data_path": [
            "IMM",
            "SIMD"
          ],
          "tiling": {
            "IMM": {
              "SIMD_SIZE": 0
            }
          }
        },
        {
          "name": "mx",
          "unique_name": null,
          "dtype": "FXP32",
          "shape_symbols": {
            "N": 1,
            "C": 32,
            "W": 32
          },
          "data_path": [
            "VMEM2",
            "SIMD",
            "VMEM2",
            "SIMD",
            "VMEM2",
            "SIMD",
            "VMEM2",
            "SIMD",
            "VMEM2",
            "SIMD"
          ],
          "tiling": {
            "VMEM2": {
              "N": 1,
              "C": 32,
              "W": 32
            },
            "SIMD": {
              "N": 1,
              "C": 1,
              "W": 32
            }
          }
        },
        {
          "name": "z",
          "unique_name": null,
          "dtype": "FXP32",
          "shape_symbols": {
            "N": 1,
            "H": 32,
            "W": 32,
            "C": 32
          },
          "data_path": [
            "SIMD",
            "VMEM1",
            "SIMD",
            "VMEM1",
            "SIMD"
          ],
          "tiling": {
            "VMEM1": {
              "N": 1,
              "H": 32,
              "W": 32,
              "C": 32
            },
            "SIMD": {
              "N": 1,
              "H": 1,
              "W": 32,
              "C": 1
            }
          }
        },
        {
          "name": "b",
          "unique_name": null,
          "dtype": "FXP32",
          "shape_symbols": {
            "N": 1,
            "H": 32,
            "W": 32,
            "C": 32
          },
          "data_path": [
            "VMEM2",
            "SIMD",
            "VMEM2",
            "SIMD",
            "VMEM2",
            "SIMD"
          ],
          "tiling": {
            "VMEM2": {
              "N": 1,
              "H": 32,
              "W": 32,
              "C": 32
            },
            "SIMD": {
              "N": 1,
              "H": 1,
              "W": 32,
              "C": 1
            }
          }
        },
        {
          "name": "y",
          "unique_name": null,
          "dtype": "FXP32",
          "shape_symbols": {
            "N": 1,
            "H": 32,
            "W": 32,
            "C": 32
          },
          "data_path": [
            "SIMD",
            "VMEM2",
            "SIMD",
            "VMEM2"
          ],
          "tiling": {
            "VMEM2": {
              "N": 1,
              "H": 32,
              "W": 32,
              "C": 32
            },
            "SIMD": {
              "N": 1,
              "H": 1,
              "W": 32,
              "C": 1
            }
          }
        }
      ],
      "outputs": [
        {
          "name": "out",
          "unique_name": "_decoder_block.2_layer.0_SelfAttention_Softmax_output_0_Y",
          "dtype": "FXP32",
          "shape_symbols": {
            "N": 1,
            "H": 32,
            "W": 32,
            "C": 32
          },
          "data_path": [
            "SIMD",
            "VMEM1",
            "SIMD",
            "VMEM1",
            "SIMD",
            "VMEM1",
            "SIMD",
            "VMEM1",
            "SIMD",
            "VMEM1",
            "SIMD",
            "VMEM1",
            "DRAM"
          ],
          "tiling": {
            "VMEM1": {
              "N": 1,
              "H": 32,
              "W": 32,
              "C": 32
            },
            "DRAM": {
              "N": 1,
              "H": 32,
              "W": 32,
              "C": 32
            },
            "SIMD": {
              "N": 1,
              "H": 1,
              "W": 32,
              "C": 1
            }
          }
        }
      ],
      "operation_sequence": [
        {
          "op_type": "config",
          "op_id": 0,
          "start_or_finish": "start",
          "target": "SIMD"
        },
        {
          "op_type": "config",
          "op_id": 1,
          "start_or_finish": "start",
          "target": "IMM"
        },
        {
          "op_type": "config",
          "op_id": 2,
          "start_or_finish": "start",
          "target": "IMM"
        },
        {
          "op_type": "config",
          "op_id": 3,
          "start_or_finish": "start",
          "target": "IMM"
        },
        {
          "op_type": "config",
          "op_id": 4,
          "start_or_finish": "start",
          "target": "IMM"
        },
        {
          "op_type": "config",
          "op_id": 5,
          "start_or_finish": "start",
          "target": "IMM"
        },
        {
          "op_type": "config",
          "op_id": 6,
          "start_or_finish": "start",
          "target": "IMM"
        },
        {
          "op_type": "loop",
          "op_id": 7,
          "start": 0,
          "end": 1,
          "offset": 0,
          "stride": 1
        },
        {
          "op_type": "loop",
          "op_id": 8,
          "start": 0,
          "end": 32,
          "offset": 0,
          "stride": 32
        },
        {
          "op_type": "loop",
          "op_id": 9,
          "start": 0,
          "end": 32,
          "offset": 0,
          "stride": 32
        },
        {
          "op_type": "loop",
          "op_id": 10,
          "start": 0,
          "end": 32,
          "offset": 0,
          "stride": 32
        },
        {
          "op_type": "transfer",
          "op_id": 11,
          "operand": "data",
          "transfer_path": [
            "DRAM",
            "VMEM1"
          ],
          "transfers": {
            "DRAM->VMEM1": {
              "size": 32768,
              "offset": [
                "DIM:0,LOOPID:0,OFFSET:0",
                "DIM:1,LOOPID:2,OFFSET:0",
                "DIM:2,LOOPID:3,OFFSET:0",
                "DIM:3,LOOPID:1,OFFSET:0"
              ]
            },
            "VMEM1->SIMD": {
              "size": 32768,
              "offset": [
                "DIM:0,LOOPID:4,OFFSET:0",
                "DIM:1,LOOPID:6,OFFSET:0",
                "DIM:2,LOOPID:7,OFFSET:0",
                "DIM:3,LOOPID:5,OFFSET:0"
              ]
            }
          }
        },
        {
          "op_type": "loop",
          "op_id": 34,
          "start": 0,
          "end": 1,
          "offset": 0,
          "stride": 1
        },
        {
          "op_type": "loop",
          "op_id": 36,
          "start": 0,
          "end": 32,
          "offset": 0,
          "stride": 1
        },
        {
          "op_type": "loop",
          "op_id": 38,
          "start": 0,
          "end": 32,
          "offset": 0,
          "stride": 1
        },
        {
          "op_type": "loop",
          "op_id": 40,
          "start": 0,
          "end": 32,
          "offset": 0,
          "stride": 1
        },
        {
          "op_type": "compute",
          "op_id": 12,
          "operation_name": "MOVE",
          "target": "SIMD",
          "sources": [
            "min_val"
          ],
          "destinations": [
            "mx"
          ]
        },
        {
          "op_type": "compute",
          "op_id": 13,
          "operation_name": "MAX",
          "target": "SIMD",
          "sources": [
            "data",
            "mx"
          ],
          "destinations": [
            "mx"
          ]
        },
        {
          "op_type": "compute",
          "op_id": 14,
          "operation_name": "SUB",
          "target": "SIMD",
          "sources": [
            "data",
            "mx"
          ],
          "destinations": [
            "out"
          ]
        },
        {
          "op_type": "compute",
          "op_id": 25,
          "operation_name": "MOVE",
          "target": "SIMD",
          "sources": [
            "one"
          ],
          "destinations": [
            "mx"
          ]
        },
        {
          "op_type": "compute",
          "op_id": 15,
          "operation_name": "DIV",
          "target": "SIMD",
          "sources": [
            "out",
            "qln2"
          ],
          "destinations": [
            "z"
          ]
        },
        {
          "op_type": "compute",
          "op_id": 16,
          "operation_name": "MUL",
          "target": "SIMD",
          "sources": [
            "z",
            "neg_one"
          ],
          "destinations": [
            "z"
          ]
        },
        {
          "op_type": "compute",
          "op_id": 17,
          "operation_name": "MUL",
          "target": "SIMD",
          "sources": [
            "z",
            "qln2"
          ],
          "destinations": [
            "y"
          ]
        },
        {
          "op_type": "compute",
          "op_id": 18,
          "operation_name": "ADD",
          "target": "SIMD",
          "sources": [
            "out",
            "y"
          ],
          "destinations": [
            "y"
          ]
        },
        {
          "op_type": "compute",
          "op_id": 19,
          "operation_name": "ADD",
          "target": "SIMD",
          "sources": [
            "out",
            "qb"
          ],
          "destinations": [
            "out"
          ]
        },
        {
          "op_type": "compute",
          "op_id": 20,
          "operation_name": "MOVE",
          "target": "SIMD",
          "sources": [
            "out"
          ],
          "destinations": [
            "b"
          ]
        },
        {
          "op_type": "compute",
          "op_id": 21,
          "operation_name": "MUL",
          "target": "SIMD",
          "sources": [
            "out",
            "b"
          ],
          "destinations": [
            "out"
          ]
        },
        {
          "op_type": "compute",
          "op_id": 23,
          "operation_name": "FLOOR",
          "target": "SIMD",
          "sources": [
            "z"
          ],
          "destinations": [
            "b"
          ]
        },
        {
          "op_type": "compute",
          "op_id": 22,
          "operation_name": "ADD",
          "target": "SIMD",
          "sources": [
            "out",
            "qc"
          ],
          "destinations": [
            "out"
          ]
        },
        {
          "op_type": "compute",
          "op_id": 24,
          "operation_name": "RSHIFT",
          "target": "SIMD",
          "sources": [
            "out",
            "b"
          ],
          "destinations": [
            "out"
          ]
        },
        {
          "op_type": "compute",
          "op_id": 26,
          "operation_name": "MACC",
          "target": "SIMD",
          "sources": [
            "out",
            "one",
            "mx"
          ],
          "destinations": [
            "mx"
          ]
        },
        {
          "op_type": "compute",
          "op_id": 27,
          "operation_name": "DIV",
          "target": "SIMD",
          "sources": [
            "out",
            "mx"
          ],
          "destinations": [
            "out"
          ]
        },
        {
          "op_type": "loop_end",
          "op_id": 41,
          "loop_name": "loop7"
        },
        {
          "op_type": "loop_end",
          "op_id": 39,
          "loop_name": "loop6"
        },
        {
          "op_type": "loop_end",
          "op_id": 37,
          "loop_name": "loop5"
        },
        {
          "op_type": "loop_end",
          "op_id": 35,
          "loop_name": "loop4"
        },
        {
          "op_type": "transfer",
          "op_id": 28,
          "operand": "out",
          "transfer_path": [
            "VMEM1",
            "DRAM"
          ],
          "transfers": {
            "SIMD->VMEM1": {
              "size": 32768,
              "offset": [
                "DIM:0,LOOPID:4,OFFSET:0",
                "DIM:1,LOOPID:6,OFFSET:0",
                "DIM:2,LOOPID:7,OFFSET:0",
                "DIM:3,LOOPID:5,OFFSET:0"
              ]
            },
            "VMEM1->SIMD": {
              "size": 32768,
              "offset": [
                "DIM:0,LOOPID:4,OFFSET:0",
                "DIM:1,LOOPID:6,OFFSET:0",
                "DIM:2,LOOPID:7,OFFSET:0",
                "DIM:3,LOOPID:5,OFFSET:0"
              ]
            },
            "VMEM1->DRAM": {
              "size": 32768,
              "offset": [
                "DIM:0,LOOPID:0,OFFSET:0",
                "DIM:1,LOOPID:2,OFFSET:0",
                "DIM:2,LOOPID:3,OFFSET:0",
                "DIM:3,LOOPID:1,OFFSET:0"
              ]
            }
          }
        },
        {
          "op_type": "loop_end",
          "op_id": 29,
          "loop_name": "loop3"
        },
        {
          "op_type": "loop_end",
          "op_id": 30,
          "loop_name": "loop2"
        },
        {
          "op_type": "loop_end",
          "op_id": 31,
          "loop_name": "loop1"
        },
        {
          "op_type": "loop_end",
          "op_id": 32,
          "loop_name": "loop0"
        },
        {
          "op_type": "config",
          "op_id": 33,
          "start_or_finish": "end",
          "target": "SIMD"
        }
      ]
    },
    "SET_BASE_ADDR LOW, IMEM, IBUF, 0, 53248",
    "SET_BASE_ADDR HIGH, IMEM, IBUF, 0, 33",
    "LD_ST LD, IMEM, IBUF, 0, 129",
    "BLOCK_END 0"
  ]
}