{
  "mode": "inference",
  "program": [
    {
      "operation": "elem_div4d4d",
      "instance_id": 1,
      "tile_splits": {
        "N": 1,
        "C": 1,
        "H": 6,
        "W": 1
      },
      "iterable_dimensions": {
        "N": 1,
        "C": 1504,
        "H": 6,
        "W": 32
      },
      "operation_parameters": {},
      "inputs": [
        {
          "name": "op1",
          "unique_name": "tf_scaled",
          "dtype": "FXP32",
          "shape_symbols": {
            "N": 1,
            "H": 6,
            "W": 32,
            "C": 1504
          },
          "data_path": [
            "DRAM",
            "VMEM1",
            "SIMD"
          ],
          "tiling": {
            "DRAM": {
              "N": 1,
              "H": 6,
              "W": 32,
              "C": 1504
            },
            "VMEM1": {
              "N": 1,
              "H": 1,
              "W": 32,
              "C": 1504
            },
            "SIMD": {
              "N": 1,
              "H": 1,
              "W": 32,
              "C": 1
            }
          }
        },
        {
          "name": "op2",
          "unique_name": "denominator",
          "dtype": "FXP32",
          "shape_symbols": {
            "N": 1,
            "H": 6,
            "W": 32,
            "C": 1504
          },
          "data_path": [
            "DRAM",
            "VMEM2",
            "SIMD"
          ],
          "tiling": {
            "DRAM": {
              "N": 1,
              "H": 6,
              "W": 32,
              "C": 1504
            },
            "VMEM2": {
              "N": 1,
              "H": 1,
              "W": 32,
              "C": 1504
            },
            "SIMD": {
              "N": 1,
              "H": 1,
              "W": 32,
              "C": 1
            }
          }
        }
      ],
      "intermediate": [],
      "outputs": [
        {
          "name": "out",
          "unique_name": "division_result",
          "dtype": "FXP32",
          "shape_symbols": {
            "N": 1,
            "H": 6,
            "W": 32,
            "C": 1504
          },
          "data_path": [
            "SIMD",
            "VMEM1",
            "DRAM"
          ],
          "tiling": {
            "VMEM1": {
              "N": 1,
              "H": 1,
              "W": 32,
              "C": 1504
            },
            "DRAM": {
              "N": 1,
              "H": 6,
              "W": 32,
              "C": 1504
            },
            "SIMD": {
              "N": 1,
              "H": 1,
              "W": 32,
              "C": 1
            }
          }
        }
      ],
      "operation_sequence": [
        {
          "op_type": "config",
          "op_id": 0,
          "start_or_finish": "start",
          "target": "SIMD"
        },
        {
          "op_type": "loop",
          "op_id": 1,
          "start": 0,
          "end": 1,
          "offset": 0,
          "stride": 1
        },
        {
          "op_type": "loop",
          "op_id": 2,
          "start": 0,
          "end": 1504,
          "offset": 0,
          "stride": 1504
        },
        {
          "op_type": "loop",
          "op_id": 3,
          "start": 0,
          "end": 6,
          "offset": 0,
          "stride": 1
        },
        {
          "op_type": "loop",
          "op_id": 4,
          "start": 0,
          "end": 32,
          "offset": 0,
          "stride": 32
        },
        {
          "op_type": "transfer",
          "op_id": 6,
          "operand": "op2",
          "transfer_path": [
            "DRAM",
            "VMEM2"
          ],
          "transfers": {
            "DRAM->VMEM2": {
              "size": 288768,
              "offset": [
                "DIM:0,LOOPID:0,OFFSET:0",
                "DIM:1,LOOPID:2,OFFSET:0",
                "DIM:2,LOOPID:3,OFFSET:0",
                "DIM:3,LOOPID:1,OFFSET:0"
              ]
            },
            "VMEM2->SIMD": {
              "size": 48128,
              "offset": [
                "DIM:0,LOOPID:4,OFFSET:0",
                "DIM:1,LOOPID:6,OFFSET:0",
                "DIM:2,LOOPID:7,OFFSET:0",
                "DIM:3,LOOPID:5,OFFSET:0"
              ]
            }
          }
        },
        {
          "op_type": "transfer",
          "op_id": 5,
          "operand": "op1",
          "transfer_path": [
            "DRAM",
            "VMEM1"
          ],
          "transfers": {
            "DRAM->VMEM1": {
              "size": 288768,
              "offset": [
                "DIM:0,LOOPID:0,OFFSET:0",
                "DIM:1,LOOPID:2,OFFSET:0",
                "DIM:2,LOOPID:3,OFFSET:0",
                "DIM:3,LOOPID:1,OFFSET:0"
              ]
            },
            "VMEM1->SIMD": {
              "size": 48128,
              "offset": [
                "DIM:0,LOOPID:4,OFFSET:0",
                "DIM:1,LOOPID:6,OFFSET:0",
                "DIM:2,LOOPID:7,OFFSET:0",
                "DIM:3,LOOPID:5,OFFSET:0"
              ]
            }
          }
        },
        {
          "op_type": "loop",
          "op_id": 14,
          "start": 0,
          "end": 1,
          "offset": 0,
          "stride": 1
        },
        {
          "op_type": "loop",
          "op_id": 16,
          "start": 0,
          "end": 1504,
          "offset": 0,
          "stride": 1
        },
        {
          "op_type": "loop",
          "op_id": 18,
          "start": 0,
          "end": 1,
          "offset": 0,
          "stride": 1
        },
        {
          "op_type": "loop",
          "op_id": 20,
          "start": 0,
          "end": 32,
          "offset": 0,
          "stride": 1
        },
        {
          "op_type": "compute",
          "op_id": 7,
          "operation_name": "DIV",
          "target": "SIMD",
          "sources": [
            "op1",
            "op2"
          ],
          "destinations": [
            "out"
          ]
        },
        {
          "op_type": "loop_end",
          "op_id": 21,
          "loop_name": "loop7"
        },
        {
          "op_type": "loop_end",
          "op_id": 19,
          "loop_name": "loop6"
        },
        {
          "op_type": "loop_end",
          "op_id": 17,
          "loop_name": "loop5"
        },
        {
          "op_type": "loop_end",
          "op_id": 15,
          "loop_name": "loop4"
        },
        {
          "op_type": "transfer",
          "op_id": 8,
          "operand": "out",
          "transfer_path": [
            "VMEM1",
            "DRAM"
          ],
          "transfers": {
            "SIMD->VMEM1": {
              "size": 48128,
              "offset": [
                "DIM:0,LOOPID:4,OFFSET:0",
                "DIM:1,LOOPID:6,OFFSET:0",
                "DIM:2,LOOPID:7,OFFSET:0",
                "DIM:3,LOOPID:5,OFFSET:0"
              ]
            },
            "VMEM1->DRAM": {
              "size": 288768,
              "offset": [
                "DIM:0,LOOPID:0,OFFSET:0",
                "DIM:1,LOOPID:2,OFFSET:0",
                "DIM:2,LOOPID:3,OFFSET:0",
                "DIM:3,LOOPID:1,OFFSET:0"
              ]
            }
          }
        },
        {
          "op_type": "loop_end",
          "op_id": 9,
          "loop_name": "loop3"
        },
        {
          "op_type": "loop_end",
          "op_id": 10,
          "loop_name": "loop2"
        },
        {
          "op_type": "loop_end",
          "op_id": 11,
          "loop_name": "loop1"
        },
        {
          "op_type": "loop_end",
          "op_id": 12,
          "loop_name": "loop0"
        },
        {
          "op_type": "config",
          "op_id": 13,
          "start_or_finish": "end",
          "target": "SIMD"
        }
      ]
    },
    "SET_BASE_ADDR LOW, IMEM, IBUF, 0, 0",
    "SET_BASE_ADDR HIGH, IMEM, IBUF, 0, 0",
    "LD_ST LD, IMEM, IBUF, 0, 0",
    "BLOCK_END 1"
  ]
}