{
  "mode": "inference",
  "program": [
    {
      "operation": "elem_add3d1d",
      "instance_id": 74,
      "tile_splits": {
        "N": 12,
        "C": 128,
        "H": 1
      },
      "iterable_dimensions": {
        "N": 768,
        "C": 128,
        "H": 768
      },
      "operation_parameters": {},
      "inputs": [
        {
          "name": "op1",
          "unique_name": "_encoder_layer.0_output_LayerNorm_Mul_output_0_Y",
          "dtype": "FXP32",
          "shape_symbols": {
            "N": 768,
            "C": 128,
            "H": 768
          },
          "data_path": [
            "DRAM",
            "VMEM1",
            "SIMD"
          ],
          "tiling": {
            "DRAM": {
              "N": 768,
              "C": 128,
              "H": 768
            },
            "VMEM1": {
              "N": 64,
              "C": 1,
              "H": 768
            },
            "SIMD": {
              "N": 32,
              "C": 1,
              "H": 1
            }
          }
        },
        {
          "name": "op2",
          "unique_name": "encoder.layer.0.output.LayerNorm.bias",
          "dtype": "FXP32",
          "shape_symbols": {
            "N": 768
          },
          "data_path": [
            "DRAM",
            "VMEM2",
            "SIMD"
          ],
          "tiling": {
            "DRAM": {
              "N": 768
            },
            "VMEM2": {
              "N": 64
            },
            "SIMD": {
              "N": 32
            }
          }
        }
      ],
      "intermediate": [],
      "outputs": [
        {
          "name": "out",
          "unique_name": "_encoder_layer.0_output_LayerNorm_Add_1_output_0_Y",
          "dtype": "FXP32",
          "shape_symbols": {
            "N": 768,
            "C": 128,
            "H": 768
          },
          "data_path": [
            "SIMD",
            "VMEM1",
            "DRAM"
          ],
          "tiling": {
            "VMEM1": {
              "N": 64,
              "C": 1,
              "H": 768
            },
            "DRAM": {
              "N": 768,
              "C": 128,
              "H": 768
            },
            "SIMD": {
              "N": 32,
              "C": 1,
              "H": 1
            }
          }
        }
      ],
      "operation_sequence": [
        {
          "op_type": "config",
          "op_id": 0,
          "start_or_finish": "start",
          "target": "SIMD"
        },
        {
          "op_type": "loop",
          "op_id": 1,
          "start": 0,
          "end": 768,
          "offset": 0,
          "stride": 64
        },
        {
          "op_type": "transfer",
          "op_id": 5,
          "operand": "op2",
          "transfer_path": [
            "DRAM",
            "VMEM2"
          ],
          "transfers": {
            "DRAM->VMEM2": {
              "size": 768,
              "offset": [
                "DIM:0,LOOPID:0,OFFSET:0"
              ]
            },
            "VMEM2->SIMD": {
              "size": 64,
              "offset": [
                "DIM:0,LOOPID:3,OFFSET:0"
              ]
            }
          }
        },
        {
          "op_type": "loop",
          "op_id": 2,
          "start": 0,
          "end": 128,
          "offset": 0,
          "stride": 1
        },
        {
          "op_type": "loop",
          "op_id": 3,
          "start": 0,
          "end": 768,
          "offset": 0,
          "stride": 768
        },
        {
          "op_type": "transfer",
          "op_id": 4,
          "operand": "op1",
          "transfer_path": [
            "DRAM",
            "VMEM1"
          ],
          "transfers": {
            "DRAM->VMEM1": {
              "size": 75497472,
              "offset": [
                "DIM:0,LOOPID:0,OFFSET:0",
                "DIM:1,LOOPID:1,OFFSET:0",
                "DIM:2,LOOPID:2,OFFSET:0"
              ]
            },
            "VMEM1->SIMD": {
              "size": 49152,
              "offset": [
                "DIM:0,LOOPID:3,OFFSET:0",
                "DIM:1,LOOPID:4,OFFSET:0",
                "DIM:2,LOOPID:5,OFFSET:0"
              ]
            }
          }
        },
        {
          "op_type": "loop",
          "op_id": 12,
          "start": 0,
          "end": 64,
          "offset": 0,
          "stride": 1
        },
        {
          "op_type": "loop",
          "op_id": 14,
          "start": 0,
          "end": 1,
          "offset": 0,
          "stride": 1
        },
        {
          "op_type": "loop",
          "op_id": 16,
          "start": 0,
          "end": 768,
          "offset": 0,
          "stride": 1
        },
        {
          "op_type": "compute",
          "op_id": 6,
          "operation_name": "ADD",
          "target": "SIMD",
          "sources": [
            "op1",
            "op2"
          ],
          "destinations": [
            "out"
          ]
        },
        {
          "op_type": "loop_end",
          "op_id": 17,
          "loop_name": "loop5"
        },
        {
          "op_type": "loop_end",
          "op_id": 15,
          "loop_name": "loop4"
        },
        {
          "op_type": "loop_end",
          "op_id": 13,
          "loop_name": "loop3"
        },
        {
          "op_type": "transfer",
          "op_id": 7,
          "operand": "out",
          "transfer_path": [
            "VMEM1",
            "DRAM"
          ],
          "transfers": {
            "SIMD->VMEM1": {
              "size": 49152,
              "offset": [
                "DIM:0,LOOPID:3,OFFSET:0",
                "DIM:1,LOOPID:4,OFFSET:0",
                "DIM:2,LOOPID:5,OFFSET:0"
              ]
            },
            "VMEM1->DRAM": {
              "size": 75497472,
              "offset": [
                "DIM:0,LOOPID:0,OFFSET:0",
                "DIM:1,LOOPID:1,OFFSET:0",
                "DIM:2,LOOPID:2,OFFSET:0"
              ]
            }
          }
        },
        {
          "op_type": "loop_end",
          "op_id": 8,
          "loop_name": "loop2"
        },
        {
          "op_type": "loop_end",
          "op_id": 9,
          "loop_name": "loop1"
        },
        {
          "op_type": "loop_end",
          "op_id": 10,
          "loop_name": "loop0"
        },
        {
          "op_type": "config",
          "op_id": 11,
          "start_or_finish": "end",
          "target": "SIMD"
        }
      ]
    },
    "SET_BASE_ADDR LOW, IMEM, IBUF, 0, 24576",
    "SET_BASE_ADDR HIGH, IMEM, IBUF, 0, 4",
    "LD_ST LD, IMEM, IBUF, 0, 108",
    "BLOCK_END 0"
  ]
}