{
  "mode": "inference",
  "program": [
    {
      "operation": "elem_mul2d2d",
      "instance_id": 2,
      "tile_splits": {
        "N": 1,
        "C": 1
      },
      "iterable_dimensions": {
        "N": 1,
        "C": 128
      },
      "operation_parameters": {},
      "inputs": [
        {
          "name": "op1",
          "unique_name": "difference",
          "dtype": "FXP32",
          "shape_symbols": {
            "N": 1,
            "C": 128
          },
          "data_path": [
            "DRAM",
            "VMEM1",
            "SIMD"
          ],
          "tiling": {
            "DRAM": {
              "N": 1,
              "C": 128
            },
            "VMEM1": {
              "N": 1,
              "C": 128
            },
            "SIMD": {
              "N": 1,
              "C": 32
            }
          }
        },
        {
          "name": "op2",
          "unique_name": "difference",
          "dtype": "FXP32",
          "shape_symbols": {
            "N": 1,
            "C": 128
          },
          "data_path": [
            "DRAM",
            "VMEM2",
            "SIMD"
          ],
          "tiling": {
            "DRAM": {
              "N": 1,
              "C": 128
            },
            "VMEM2": {
              "N": 1,
              "C": 128
            },
            "SIMD": {
              "N": 1,
              "C": 32
            }
          }
        }
      ],
      "intermediate": [],
      "outputs": [
        {
          "name": "out",
          "unique_name": "squared_difference",
          "dtype": "FXP32",
          "shape_symbols": {
            "N": 1,
            "C": 128
          },
          "data_path": [
            "SIMD",
            "VMEM1",
            "DRAM"
          ],
          "tiling": {
            "VMEM1": {
              "N": 1,
              "C": 128
            },
            "DRAM": {
              "N": 1,
              "C": 128
            },
            "SIMD": {
              "N": 1,
              "C": 32
            }
          }
        }
      ],
      "operation_sequence": [
        {
          "op_type": "config",
          "op_id": 0,
          "start_or_finish": "start",
          "target": "SIMD"
        },
        {
          "op_type": "loop",
          "op_id": 1,
          "start": 0,
          "end": 1,
          "offset": 0,
          "stride": 1
        },
        {
          "op_type": "loop",
          "op_id": 2,
          "start": 0,
          "end": 128,
          "offset": 0,
          "stride": 128
        },
        {
          "op_type": "transfer",
          "op_id": 4,
          "operand": "op2",
          "transfer_path": [
            "DRAM",
            "VMEM2"
          ],
          "transfers": {
            "DRAM->VMEM2": {
              "size": 128,
              "offset": [
                "DIM:0,LOOPID:0,OFFSET:0",
                "DIM:1,LOOPID:1,OFFSET:0"
              ]
            },
            "VMEM2->SIMD": {
              "size": 128,
              "offset": [
                "DIM:0,LOOPID:2,OFFSET:0",
                "DIM:1,LOOPID:3,OFFSET:0"
              ]
            }
          }
        },
        {
          "op_type": "transfer",
          "op_id": 3,
          "operand": "op1",
          "transfer_path": [
            "DRAM",
            "VMEM1"
          ],
          "transfers": {
            "DRAM->VMEM1": {
              "size": 128,
              "offset": [
                "DIM:0,LOOPID:0,OFFSET:0",
                "DIM:1,LOOPID:1,OFFSET:0"
              ]
            },
            "VMEM1->SIMD": {
              "size": 128,
              "offset": [
                "DIM:0,LOOPID:2,OFFSET:0",
                "DIM:1,LOOPID:3,OFFSET:0"
              ]
            }
          }
        },
        {
          "op_type": "loop",
          "op_id": 10,
          "start": 0,
          "end": 1,
          "offset": 0,
          "stride": 1
        },
        {
          "op_type": "loop",
          "op_id": 12,
          "start": 0,
          "end": 128,
          "offset": 0,
          "stride": 1
        },
        {
          "op_type": "compute",
          "op_id": 5,
          "operation_name": "MUL",
          "target": "SIMD",
          "sources": [
            "op1",
            "op2"
          ],
          "destinations": [
            "out"
          ]
        },
        {
          "op_type": "loop_end",
          "op_id": 13,
          "loop_name": "loop3"
        },
        {
          "op_type": "loop_end",
          "op_id": 11,
          "loop_name": "loop2"
        },
        {
          "op_type": "transfer",
          "op_id": 6,
          "operand": "out",
          "transfer_path": [
            "VMEM1",
            "DRAM"
          ],
          "transfers": {
            "SIMD->VMEM1": {
              "size": 128,
              "offset": [
                "DIM:0,LOOPID:2,OFFSET:0",
                "DIM:1,LOOPID:3,OFFSET:0"
              ]
            },
            "VMEM1->DRAM": {
              "size": 128,
              "offset": [
                "DIM:0,LOOPID:0,OFFSET:0",
                "DIM:1,LOOPID:1,OFFSET:0"
              ]
            }
          }
        },
        {
          "op_type": "loop_end",
          "op_id": 7,
          "loop_name": "loop1"
        },
        {
          "op_type": "loop_end",
          "op_id": 8,
          "loop_name": "loop0"
        },
        {
          "op_type": "config",
          "op_id": 9,
          "start_or_finish": "end",
          "target": "SIMD"
        }
      ]
    },
    "SET_BASE_ADDR LOW, IMEM, IBUF, 0, 8192",
    "SET_BASE_ADDR HIGH, IMEM, IBUF, 0, 0",
    "LD_ST LD, IMEM, IBUF, 0, 43",
    "BLOCK_END 0"
  ]
}