{
  "mode": "inference",
  "program": [
    {
      "operation": "tensor_transpose3d",
      "instance_id": 660,
      "tile_splits": {
        "N": 1,
        "H": 1,
        "C": 1
      },
      "iterable_dimensions": {
        "N": 1,
        "H": 32,
        "C": 32
      },
      "operation_parameters": {
        "axis0": 0,
        "axis1": 2,
        "axis2": 1,
        "SIMD_SIZE": 32
      },
      "inputs": [
        {
          "name": "data",
          "unique_name": "_decoder_block.2_layer.2_layer_norm_ReduceMean_expansion_reduction",
          "dtype": "FXP32",
          "shape_symbols": {
            "N": 1,
            "C": 32,
            "H": 32
          },
          "data_path": [
            "DRAM",
            "VMEM1",
            "SIMD"
          ],
          "tiling": {
            "DRAM": {
              "N": 1,
              "C": 32,
              "H": 32
            },
            "VMEM1": {
              "N": 1,
              "C": 32,
              "H": 32
            },
            "SIMD": {
              "N": 1,
              "C": 1,
              "H": 32
            }
          }
        }
      ],
      "intermediate": [],
      "outputs": [
        {
          "name": "out",
          "unique_name": "_decoder_block.2_layer.2_layer_norm_ReduceMean_output_0_Y",
          "dtype": "FXP32",
          "shape_symbols": {
            "N": 1,
            "H": 32,
            "C": 32
          },
          "data_path": [
            "SIMD",
            "VMEM2",
            "DRAM"
          ],
          "tiling": {
            "VMEM2": {
              "N": 1,
              "H": 32,
              "C": 32
            },
            "DRAM": {
              "N": 1,
              "H": 32,
              "C": 32
            },
            "SIMD": {
              "N": 1,
              "H": 32,
              "C": 1
            }
          }
        }
      ],
      "operation_sequence": [
        {
          "op_type": "config",
          "op_id": 0,
          "start_or_finish": "start",
          "target": "SIMD"
        },
        {
          "op_type": "loop",
          "op_id": 1,
          "start": 0,
          "end": 1,
          "offset": 0,
          "stride": 1
        },
        {
          "op_type": "loop",
          "op_id": 2,
          "start": 0,
          "end": 32,
          "offset": 0,
          "stride": 32
        },
        {
          "op_type": "loop",
          "op_id": 3,
          "start": 0,
          "end": 32,
          "offset": 0,
          "stride": 32
        },
        {
          "op_type": "transfer",
          "op_id": 4,
          "operand": "data",
          "transfer_path": [
            "DRAM",
            "VMEM1"
          ],
          "transfers": {
            "DRAM->VMEM1": {
              "size": 1024,
              "offset": [
                "DIM:0,LOOPID:0,OFFSET:0",
                "DIM:1,LOOPID:2,OFFSET:0",
                "DIM:2,LOOPID:1,OFFSET:0"
              ]
            },
            "VMEM1->SIMD": {
              "size": 1024,
              "offset": [
                "DIM:0,LOOPID:3,OFFSET:0",
                "DIM:1,LOOPID:5,OFFSET:0",
                "DIM:2,LOOPID:4,OFFSET:0"
              ]
            }
          }
        },
        {
          "op_type": "loop",
          "op_id": 11,
          "start": 0,
          "end": 1,
          "offset": 0,
          "stride": 1
        },
        {
          "op_type": "loop",
          "op_id": 13,
          "start": 0,
          "end": 32,
          "offset": 0,
          "stride": 1
        },
        {
          "op_type": "loop",
          "op_id": 15,
          "start": 0,
          "end": 32,
          "offset": 0,
          "stride": 1
        },
        {
          "op_type": "compute",
          "op_id": 5,
          "operation_name": "TRANSPOSE",
          "target": "SIMD",
          "sources": [
            "data"
          ],
          "destinations": [
            "out"
          ]
        },
        {
          "op_type": "loop_end",
          "op_id": 16,
          "loop_name": "loop5"
        },
        {
          "op_type": "loop_end",
          "op_id": 14,
          "loop_name": "loop4"
        },
        {
          "op_type": "loop_end",
          "op_id": 12,
          "loop_name": "loop3"
        },
        {
          "op_type": "transfer",
          "op_id": 6,
          "operand": "out",
          "transfer_path": [
            "VMEM2",
            "DRAM"
          ],
          "transfers": {
            "SIMD->VMEM2": {
              "size": 1024,
              "offset": [
                "DIM:0,LOOPID:3,OFFSET:0",
                "DIM:1,LOOPID:4,OFFSET:0",
                "DIM:2,LOOPID:5,OFFSET:0"
              ]
            },
            "VMEM2->DRAM": {
              "size": 1024,
              "offset": [
                "DIM:0,LOOPID:0,OFFSET:0",
                "DIM:1,LOOPID:1,OFFSET:0",
                "DIM:2,LOOPID:2,OFFSET:0"
              ]
            }
          }
        },
        {
          "op_type": "loop_end",
          "op_id": 7,
          "loop_name": "loop2"
        },
        {
          "op_type": "loop_end",
          "op_id": 8,
          "loop_name": "loop1"
        },
        {
          "op_type": "loop_end",
          "op_id": 9,
          "loop_name": "loop0"
        },
        {
          "op_type": "config",
          "op_id": 10,
          "start_or_finish": "end",
          "target": "SIMD"
        }
      ]
    },
    "SET_BASE_ADDR LOW, IMEM, IBUF, 0, 49152",
    "SET_BASE_ADDR HIGH, IMEM, IBUF, 0, 35",
    "LD_ST LD, IMEM, IBUF, 0, 70",
    "BLOCK_END 0"
  ]
}