{
  "mode": "inference",
  "program": [
    {
      "operation": "reduce_mean3d_axis1",
      "instance_id": 659,
      "tile_splits": {
        "ONE": 1,
        "H": 1,
        "N": 1,
        "C": 1
      },
      "iterable_dimensions": {
        "ONE": 1,
        "H": 32,
        "N": 1,
        "C": 768
      },
      "operation_parameters": {
        "axis": 1,
        "SIMD_SIZE": 32,
        "denom": 85,
        "init": 0,
        "max_val": 2147483647,
        "min_val": -2147483648
      },
      "inputs": [
        {
          "name": "data",
          "unique_name": "_decoder_block.2_layer.2_layer_norm_ReduceMean_expansion_input_transpose",
          "dtype": "FXP32",
          "shape_symbols": {
            "N": 1,
            "C": 768,
            "H": 32
          },
          "data_path": [
            "DRAM",
            "VMEM1",
            "SIMD"
          ],
          "tiling": {
            "DRAM": {
              "N": 1,
              "C": 768,
              "H": 32
            },
            "VMEM1": {
              "N": 1,
              "C": 768,
              "H": 32
            },
            "SIMD": {
              "N": 1,
              "C": 1,
              "H": 32
            }
          }
        }
      ],
      "intermediate": [
        {
          "name": "denom",
          "unique_name": null,
          "dtype": "FXP32",
          "shape_symbols": {
            "SIMD_SIZE": 32
          },
          "data_path": [
            "IMM",
            "SIMD"
          ],
          "tiling": {
            "IMM": {
              "SIMD_SIZE": 0
            }
          }
        },
        {
          "name": "init",
          "unique_name": null,
          "dtype": "FXP8",
          "shape_symbols": {
            "SIMD_SIZE": 32
          },
          "data_path": [
            "IMM"
          ],
          "tiling": {}
        },
        {
          "name": "max_val",
          "unique_name": null,
          "dtype": "FXP8",
          "shape_symbols": {
            "SIMD_SIZE": 32
          },
          "data_path": [
            "IMM"
          ],
          "tiling": {}
        },
        {
          "name": "min_val",
          "unique_name": null,
          "dtype": "FXP8",
          "shape_symbols": {
            "SIMD_SIZE": 32
          },
          "data_path": [
            "IMM"
          ],
          "tiling": {}
        }
      ],
      "outputs": [
        {
          "name": "out",
          "unique_name": "_decoder_block.2_layer.2_layer_norm_ReduceMean_expansion_reduction",
          "dtype": "FXP32",
          "shape_symbols": {
            "N": 1,
            "ONE": 1,
            "H": 32
          },
          "data_path": [
            "DRAM",
            "VMEM2",
            "SIMD",
            "VMEM2",
            "SIMD",
            "VMEM2",
            "DRAM"
          ],
          "tiling": {
            "DRAM": {
              "N": 1,
              "ONE": 1,
              "H": 32
            },
            "VMEM2": {
              "N": 1,
              "ONE": 1,
              "H": 32
            },
            "SIMD": {
              "N": 1,
              "ONE": 1,
              "H": 32
            }
          }
        }
      ],
      "operation_sequence": [
        {
          "op_type": "config",
          "op_id": 0,
          "start_or_finish": "start",
          "target": "SIMD"
        },
        {
          "op_type": "config",
          "op_id": 1,
          "start_or_finish": "start",
          "target": "IMM"
        },
        {
          "op_type": "config",
          "op_id": 2,
          "start_or_finish": "start",
          "target": "IMM"
        },
        {
          "op_type": "config",
          "op_id": 3,
          "start_or_finish": "start",
          "target": "IMM"
        },
        {
          "op_type": "config",
          "op_id": 4,
          "start_or_finish": "start",
          "target": "IMM"
        },
        {
          "op_type": "loop",
          "op_id": 5,
          "start": 0,
          "end": 1,
          "offset": 0,
          "stride": 1
        },
        {
          "op_type": "loop",
          "op_id": 6,
          "start": 0,
          "end": 32,
          "offset": 0,
          "stride": 32
        },
        {
          "op_type": "loop",
          "op_id": 7,
          "start": 0,
          "end": 1,
          "offset": 0,
          "stride": 1
        },
        {
          "op_type": "transfer",
          "op_id": 10,
          "operand": "out",
          "transfer_path": [
            "DRAM",
            "VMEM2"
          ],
          "transfers": {
            "DRAM->VMEM2": {
              "size": 32,
              "offset": [
                "DIM:0,LOOPID:2,OFFSET:0",
                "DIM:1,LOOPID:0,OFFSET:0",
                "DIM:2,LOOPID:1,OFFSET:0"
              ]
            },
            "VMEM2->SIMD": {
              "size": 32,
              "offset": [
                "DIM:0,LOOPID:6,OFFSET:0",
                "DIM:1,LOOPID:4,OFFSET:0",
                "DIM:2,LOOPID:5,OFFSET:0"
              ]
            },
            "SIMD->VMEM2": {
              "size": 32,
              "offset": [
                "DIM:0,LOOPID:6,OFFSET:0",
                "DIM:1,LOOPID:4,OFFSET:0",
                "DIM:2,LOOPID:5,OFFSET:0"
              ]
            },
            "VMEM2->DRAM": {
              "size": 32,
              "offset": [
                "DIM:0,LOOPID:2,OFFSET:0",
                "DIM:1,LOOPID:0,OFFSET:0",
                "DIM:2,LOOPID:1,OFFSET:0"
              ]
            }
          }
        },
        {
          "op_type": "loop",
          "op_id": 8,
          "start": 0,
          "end": 768,
          "offset": 0,
          "stride": 768
        },
        {
          "op_type": "transfer",
          "op_id": 9,
          "operand": "data",
          "transfer_path": [
            "DRAM",
            "VMEM1"
          ],
          "transfers": {
            "DRAM->VMEM1": {
              "size": 24576,
              "offset": [
                "DIM:0,LOOPID:2,OFFSET:0",
                "DIM:1,LOOPID:3,OFFSET:0",
                "DIM:2,LOOPID:1,OFFSET:0"
              ]
            },
            "VMEM1->SIMD": {
              "size": 24576,
              "offset": [
                "DIM:0,LOOPID:6,OFFSET:0",
                "DIM:1,LOOPID:7,OFFSET:0",
                "DIM:2,LOOPID:5,OFFSET:0"
              ]
            }
          }
        },
        {
          "op_type": "loop",
          "op_id": 19,
          "start": 0,
          "end": 1,
          "offset": 0,
          "stride": 1
        },
        {
          "op_type": "loop",
          "op_id": 21,
          "start": 0,
          "end": 32,
          "offset": 0,
          "stride": 1
        },
        {
          "op_type": "loop",
          "op_id": 23,
          "start": 0,
          "end": 1,
          "offset": 0,
          "stride": 1
        },
        {
          "op_type": "loop",
          "op_id": 25,
          "start": 0,
          "end": 768,
          "offset": 0,
          "stride": 1
        },
        {
          "op_type": "compute",
          "op_id": 11,
          "operation_name": "ADD",
          "target": "SIMD",
          "sources": [
            "data",
            "out"
          ],
          "destinations": [
            "out"
          ]
        },
        {
          "op_type": "compute",
          "op_id": 12,
          "operation_name": "MUL",
          "target": "SIMD",
          "sources": [
            "out",
            "denom"
          ],
          "destinations": [
            "out"
          ]
        },
        {
          "op_type": "loop_end",
          "op_id": 26,
          "loop_name": "loop7"
        },
        {
          "op_type": "loop_end",
          "op_id": 24,
          "loop_name": "loop6"
        },
        {
          "op_type": "loop_end",
          "op_id": 22,
          "loop_name": "loop5"
        },
        {
          "op_type": "loop_end",
          "op_id": 20,
          "loop_name": "loop4"
        },
        {
          "op_type": "transfer",
          "op_id": 13,
          "operand": "out",
          "transfer_path": [
            "VMEM2",
            "DRAM"
          ],
          "transfers": {
            "DRAM->VMEM2": {
              "size": 32,
              "offset": [
                "DIM:0,LOOPID:2,OFFSET:0",
                "DIM:1,LOOPID:0,OFFSET:0",
                "DIM:2,LOOPID:1,OFFSET:0"
              ]
            },
            "VMEM2->SIMD": {
              "size": 32,
              "offset": [
                "DIM:0,LOOPID:6,OFFSET:0",
                "DIM:1,LOOPID:4,OFFSET:0",
                "DIM:2,LOOPID:5,OFFSET:0"
              ]
            },
            "SIMD->VMEM2": {
              "size": 32,
              "offset": [
                "DIM:0,LOOPID:6,OFFSET:0",
                "DIM:1,LOOPID:4,OFFSET:0",
                "DIM:2,LOOPID:5,OFFSET:0"
              ]
            },
            "VMEM2->DRAM": {
              "size": 32,
              "offset": [
                "DIM:0,LOOPID:2,OFFSET:0",
                "DIM:1,LOOPID:0,OFFSET:0",
                "DIM:2,LOOPID:1,OFFSET:0"
              ]
            }
          }
        },
        {
          "op_type": "loop_end",
          "op_id": 14,
          "loop_name": "loop3"
        },
        {
          "op_type": "loop_end",
          "op_id": 15,
          "loop_name": "loop2"
        },
        {
          "op_type": "loop_end",
          "op_id": 16,
          "loop_name": "loop1"
        },
        {
          "op_type": "loop_end",
          "op_id": 17,
          "loop_name": "loop0"
        },
        {
          "op_type": "config",
          "op_id": 18,
          "start_or_finish": "end",
          "target": "SIMD"
        }
      ]
    },
    "SET_BASE_ADDR LOW, IMEM, IBUF, 0, 45056",
    "SET_BASE_ADDR HIGH, IMEM, IBUF, 0, 35",
    "LD_ST LD, IMEM, IBUF, 0, 51",
    "BLOCK_END 0"
  ]
}